query_ac,subj_ac,perc_identity,align_len,mismatches,gap_opens,q_start,q_end,s_start,s_end,e_value,bit_score
EMBOSS_001,UniRef90_P43582,100.000,31,0,0,1,31,11,41,1.00e-15,74.7
EMBOSS_001,UniRef90_J8Q8J2,93.548,31,2,0,1,31,11,41,1.09e-14,72.0
EMBOSS_001,UniRef90_J5RH20,93.548,31,2,0,1,31,11,41,1.76e-14,71.2
EMBOSS_001,UniRef90_A0A0L8RJY2,93.548,31,2,0,1,31,11,41,4.72e-14,70.1
EMBOSS_001,UniRef90_A0A212M9M4,80.645,31,6,0,1,31,11,41,2.79e-12,65.5
EMBOSS_001,UniRef90_A0A4C2E5B7,80.645,31,6,0,1,31,11,41,3.78e-12,65.5
EMBOSS_001,UniRef90_A0A1Q3A2K1,80.645,31,6,0,1,31,11,41,5.10e-12,65.5
EMBOSS_001,UniRef90_G0W936,80.645,31,6,0,1,31,11,41,5.84e-12,64.7
EMBOSS_001,UniRef90_A0A0H5C953,77.419,31,7,0,1,31,10,40,2.00e-11,63.5
EMBOSS_001,UniRef90_G0VKJ5,80.645,31,6,0,1,31,11,41,2.69e-11,62.8
EMBOSS_001,UniRef90_A0A1E4TS89,80.645,31,6,0,1,31,13,43,4.21e-11,63.2
EMBOSS_001,UniRef90_A0A1X7R307,74.194,31,8,0,1,31,11,41,1.60e-10,60.8
EMBOSS_001,UniRef90_Q6FUN4,80.645,31,6,0,1,31,11,41,1.94e-10,61.2
EMBOSS_001,UniRef90_R9XJ95,74.194,31,8,0,1,31,12,42,3.14e-10,60.5
EMBOSS_001,UniRef90_W0T2Q8,74.194,31,8,0,1,31,10,40,6.73e-10,59.3
EMBOSS_001,UniRef90_W6MLC9,70.968,31,9,0,1,31,10,40,9.06e-10,58.9
EMBOSS_001,UniRef90_A0A1G4K360,70.968,31,9,0,1,31,11,41,1.13e-09,58.9
EMBOSS_001,UniRef90_G8JWC3,70.968,31,9,0,1,31,12,42,1.13e-09,58.9
EMBOSS_001,UniRef90_Q6CUF1,70.968,31,9,0,1,31,10,40,1.44e-09,58.9
EMBOSS_001,UniRef90_Q750H6,70.968,31,9,0,1,31,12,42,1.67e-09,58.5
EMBOSS_001,UniRef90_A0A1B2JC97,70.968,31,9,0,1,31,14,44,1.75e-09,58.2
EMBOSS_001,UniRef90_A0A1G4INX2,74.194,31,8,0,1,31,11,41,2.15e-09,58.2
EMBOSS_001,UniRef90_G8BBL9,74.194,31,8,0,1,31,12,42,2.39e-09,58.2
EMBOSS_001,UniRef90_A0A421JF40,70.968,31,9,0,1,31,11,41,2.48e-09,58.2
EMBOSS_001,UniRef90_J7SB19,67.742,31,10,0,1,31,58,88,2.66e-09,58.2
EMBOSS_001,UniRef90_A0A1V6YKN3,70.968,31,9,0,1,31,14,44,3.90e-09,58.2
EMBOSS_001,UniRef90_Q0CEA0,67.742,31,10,0,1,31,14,44,5.22e-09,57.8
EMBOSS_001,UniRef90_A5DDT3,70.968,31,9,0,1,31,31,61,5.24e-09,57.4
EMBOSS_001,UniRef90_A0A0C7ND41,70.968,31,9,0,1,31,11,41,6.11e-09,57.0
EMBOSS_001,UniRef90_A0A367Y0W6,70.968,31,9,0,1,31,12,42,6.62e-09,57.0
EMBOSS_001,UniRef90_A0A1J9Q9Z4,67.742,31,10,0,1,31,14,44,7.29e-09,57.4
EMBOSS_001,UniRef90_A0A1G4IN38,70.968,31,9,0,1,31,11,41,8.67e-09,56.6
EMBOSS_001,UniRef90_H8WVL1,67.742,31,10,0,1,31,12,42,8.97e-09,56.6
EMBOSS_001,UniRef90_A0A202G560,70.000,30,9,0,2,31,13,42,9.79e-09,56.2
EMBOSS_001,UniRef90_K0KRJ1,64.516,31,11,0,1,31,8,38,1.01e-08,54.7
EMBOSS_001,UniRef90_A0A1E3PC72,67.742,31,10,0,1,31,9,39,1.12e-08,55.8
EMBOSS_001,UniRef90_A0A225AGH3,70.968,31,9,0,1,31,15,45,1.66e-08,56.2
EMBOSS_001,UniRef90_G3BCF4,67.742,31,10,0,1,31,11,41,1.93e-08,55.5
EMBOSS_001,UniRef90_A0A166NHT7,70.968,31,9,0,1,31,15,45,2.57e-08,55.8
EMBOSS_001,UniRef90_A0A1L9U9I9,70.968,31,9,0,1,31,8,38,2.58e-08,55.1
EMBOSS_001,UniRef90_C5DBI0,67.742,31,10,0,1,31,11,41,3.03e-08,55.1
EMBOSS_001,UniRef90_A0A1G4IWI8,70.968,31,9,0,1,31,11,41,3.14e-08,55.1
EMBOSS_001,UniRef90_C4YL09,67.742,31,10,0,1,31,12,42,3.30e-08,55.1
EMBOSS_001,UniRef90_G8BS80,61.290,31,12,0,1,31,11,41,3.33e-08,54.7
EMBOSS_001,UniRef90_A0A395GIM6,70.968,31,9,0,1,31,8,38,4.17e-08,54.7
EMBOSS_001,UniRef90_A0A3M7BHA2,64.516,31,11,0,1,31,15,45,4.34e-08,54.3
EMBOSS_001,UniRef90_A0A146F4W7,70.968,31,9,0,1,31,8,38,4.69e-08,55.1
EMBOSS_001,UniRef90_G8YA03,67.742,31,10,0,1,31,12,42,4.76e-08,54.7
EMBOSS_001,UniRef90_A0A1J9P3D7,64.516,31,11,0,1,31,14,44,4.92e-08,55.1
EMBOSS_001,UniRef90_A0A2B7WUW0,64.516,31,11,0,1,31,14,44,4.95e-08,55.1
EMBOSS_001,UniRef90_A0A1E4SRU0,67.742,31,10,0,1,31,12,42,4.96e-08,54.7
EMBOSS_001,UniRef90_I2H313,66.667,30,10,0,2,31,8,37,6.26e-08,53.5
EMBOSS_001,UniRef90_A0A1G4IPK9,67.742,31,10,0,1,31,11,41,6.26e-08,54.3
EMBOSS_001,UniRef90_A0A0F7TZF0,61.290,31,12,0,1,31,15,45,6.46e-08,54.7
EMBOSS_001,UniRef90_C5M461,67.742,31,10,0,1,31,12,42,6.93e-08,54.3
EMBOSS_001,UniRef90_A5DRZ7,67.742,31,10,0,1,31,12,42,6.97e-08,54.3
EMBOSS_001,UniRef90_A0A1G4M894,64.516,31,11,0,1,31,11,41,7.52e-08,54.3
EMBOSS_001,UniRef90_A0A3M7G8Q6,64.516,31,11,0,1,31,15,45,8.27e-08,54.3
EMBOSS_001,UniRef90_C4JMM2,64.516,31,11,0,1,31,314,344,9.36e-08,54.3
EMBOSS_001,UniRef90_A0A4T0WV38,64.516,31,11,0,1,31,10,40,1.08e-07,53.1
EMBOSS_001,UniRef90_A0A0F4YST3,64.516,31,11,0,1,31,14,44,1.16e-07,53.5
EMBOSS_001,UniRef90_A0A1L9UC53,67.742,31,10,0,1,31,14,44,1.20e-07,53.9
EMBOSS_001,UniRef90_S7ZZ97,61.290,31,12,0,1,31,15,45,1.24e-07,53.9
EMBOSS_001,UniRef90_A0A401KJL9,67.742,31,10,0,1,31,1173,1203,1.27e-07,53.9
EMBOSS_001,UniRef90_E9CT53,67.742,31,10,0,1,31,14,44,1.27e-07,53.9
EMBOSS_001,UniRef90_A0A0J6Y9E6,67.742,31,10,0,1,31,14,44,1.27e-07,53.9
EMBOSS_001,UniRef90_A0A512U7V6,64.516,31,11,0,1,31,15,45,1.30e-07,53.5
EMBOSS_001,UniRef90_A0A2T0FHU1,64.516,31,11,0,1,31,11,41,1.32e-07,53.1
EMBOSS_001,UniRef90_A0A1L9SBM2,64.516,31,11,0,1,31,10,40,1.35e-07,53.5
EMBOSS_001,UniRef90_A0A2V5IKE9,64.516,31,11,0,1,31,10,40,1.36e-07,52.4
EMBOSS_001,UniRef90_A0A1E3PNR3,64.516,31,11,0,1,31,14,44,1.58e-07,53.1
EMBOSS_001,UniRef90_A0A1L0C4Z9,61.290,31,12,0,1,31,11,41,1.60e-07,53.1
EMBOSS_001,UniRef90_A0A1E3QXR8,61.290,31,12,0,1,31,14,44,1.68e-07,53.1
EMBOSS_001,UniRef90_A0A364KUA1,64.516,31,11,0,1,31,14,44,1.70e-07,53.5
EMBOSS_001,UniRef90_A0A1R3RT43,67.742,31,10,0,1,31,8,38,1.72e-07,53.1
EMBOSS_001,UniRef90_A0A179U298,61.290,31,12,0,1,31,317,347,1.75e-07,53.5
EMBOSS_001,UniRef90_G8ZR38,58.065,31,13,0,1,31,11,41,1.90e-07,52.4
EMBOSS_001,UniRef90_A0A1E5RF36,66.667,30,10,0,2,31,16,45,1.99e-07,52.8
EMBOSS_001,UniRef90_A0A0A8LAZ1,64.516,31,11,0,1,31,10,40,2.03e-07,53.1
EMBOSS_001,UniRef90_I2H7D8,64.516,31,11,0,1,31,8,38,2.18e-07,52.8
EMBOSS_001,UniRef90_V9DC59,64.516,31,11,0,1,31,15,45,2.22e-07,53.1
EMBOSS_001,UniRef90_W9W797,64.516,31,11,0,1,31,15,45,2.29e-07,53.1
EMBOSS_001,UniRef90_A0A1V6SM30,64.516,31,11,0,1,31,16,46,2.29e-07,53.1
EMBOSS_001,UniRef90_A0A1L9SCE7,58.065,31,13,0,1,31,14,44,2.34e-07,53.1
EMBOSS_001,UniRef90_A0A2B7ZDL2,64.516,31,11,0,1,31,14,44,2.36e-07,53.1
EMBOSS_001,UniRef90_G3AIN8,64.516,31,11,0,1,31,12,42,2.43e-07,52.8
EMBOSS_001,UniRef90_A0A060T3X5,67.742,31,10,0,1,31,9,39,2.44e-07,52.4
EMBOSS_001,UniRef90_A0A319F045,67.742,31,10,0,1,31,8,38,2.57e-07,52.8
EMBOSS_001,UniRef90_A0A1E4RKH0,61.290,31,12,0,1,31,12,42,2.85e-07,52.4
EMBOSS_001,UniRef90_A0A2V5I7E4,64.516,31,11,0,1,31,4,34,3.12e-07,52.4
EMBOSS_001,UniRef90_K9FTS1,61.290,31,12,0,1,31,14,44,3.18e-07,52.8
EMBOSS_001,UniRef90_A0A0M8P422,61.290,31,12,0,1,31,14,44,3.20e-07,52.8
EMBOSS_001,UniRef90_A0A1V6U788,61.290,31,12,0,1,31,14,44,3.20e-07,52.8
EMBOSS_001,UniRef90_A0A0D2DU78,58.065,31,13,0,1,31,15,45,3.22e-07,52.8
EMBOSS_001,UniRef90_A0A1A0GZ13,63.333,30,11,0,2,31,16,45,3.30e-07,52.4
EMBOSS_001,UniRef90_A0A317XGN5,64.516,31,11,0,1,31,8,38,3.31e-07,51.6
EMBOSS_001,UniRef90_A0A0V1PRW5,64.516,31,11,0,1,31,12,42,3.52e-07,52.0
EMBOSS_001,UniRef90_A0A4P6XPK4,61.290,31,12,0,1,31,40,70,3.68e-07,52.4
EMBOSS_001,UniRef90_A0A317XC60,64.516,31,11,0,1,31,8,38,4.20e-07,52.0
EMBOSS_001,UniRef90_A0A507QLA8,63.333,30,11,0,2,31,15,44,4.22e-07,52.4
EMBOSS_001,UniRef90_A0A2H1A154,64.516,31,11,0,1,31,11,41,4.36e-07,52.0
EMBOSS_001,UniRef90_A0A443HIX4,61.290,31,12,0,1,31,14,44,4.46e-07,52.4
EMBOSS_001,UniRef90_C1GLX2,64.516,31,11,0,1,31,14,44,4.50e-07,52.4
EMBOSS_001,UniRef90_A0A0F8UHE5,61.290,31,12,0,1,31,14,44,4.50e-07,52.4
EMBOSS_001,UniRef90_A0A0F8WDW4,61.290,31,12,0,1,31,14,44,4.50e-07,52.4
EMBOSS_001,UniRef90_A0A421JM55,64.516,31,11,0,1,31,12,42,4.51e-07,52.4
EMBOSS_001,UniRef90_A7TQW4,61.290,31,12,0,1,31,11,41,4.75e-07,52.0
EMBOSS_001,UniRef90_A0A395H2P4,64.516,31,11,0,1,31,14,44,5.82e-07,52.0
EMBOSS_001,UniRef90_A0A317WLY5,64.516,31,11,0,1,31,14,44,5.90e-07,52.0
EMBOSS_001,UniRef90_A0A318ZGL3,64.516,31,11,0,1,31,14,44,5.92e-07,52.0
EMBOSS_001,UniRef90_A0A0D2FNT5,61.290,31,12,0,1,31,15,45,5.99e-07,52.0
EMBOSS_001,UniRef90_A0A0D2C3C0,61.290,31,12,0,1,31,15,45,6.01e-07,52.0
EMBOSS_001,UniRef90_B8MIM5,61.290,31,12,0,1,31,14,44,6.03e-07,52.0
EMBOSS_001,UniRef90_A0A0U5GPC5,58.065,31,13,0,1,31,14,44,6.15e-07,52.0
EMBOSS_001,UniRef90_A0A1R3RIX2,61.290,31,12,0,1,31,14,44,8.06e-07,51.6
EMBOSS_001,UniRef90_H6BVJ3,61.290,31,12,0,1,31,15,45,8.10e-07,51.6
EMBOSS_001,UniRef90_A0A319EPA5,64.516,31,11,0,1,31,14,44,8.15e-07,51.6
EMBOSS_001,UniRef90_A0A0D1WV20,61.290,31,12,0,1,31,15,45,8.16e-07,51.6
EMBOSS_001,UniRef90_A0A0A2KTH5,61.290,31,12,0,1,31,14,44,8.25e-07,51.6
EMBOSS_001,UniRef90_A0A178CHR6,61.290,31,12,0,1,31,15,45,8.25e-07,51.6
EMBOSS_001,UniRef90_C8V3Q3,58.065,31,13,0,1,31,14,44,8.42e-07,51.6
EMBOSS_001,UniRef90_A0A2I1D266,58.065,31,13,0,1,31,16,46,8.44e-07,51.6
EMBOSS_001,UniRef90_A0A0D2CDK2,61.290,31,12,0,1,31,89,119,8.46e-07,51.6
EMBOSS_001,UniRef90_A0A2I2EZK6,58.065,31,13,0,1,31,58,88,8.46e-07,51.6
EMBOSS_001,UniRef90_A0A2V1AZ69,61.290,31,12,0,1,31,11,41,8.68e-07,51.2
EMBOSS_001,UniRef90_A0A1E4T4C5,64.516,31,11,0,1,31,10,40,8.90e-07,51.2
EMBOSS_001,UniRef90_A0A4U0TLW0,58.065,31,13,0,1,31,15,45,1.07e-06,51.2
EMBOSS_001,UniRef90_A0A0D2FCN7,61.290,31,12,0,1,31,15,45,1.08e-06,51.2
EMBOSS_001,UniRef90_B8NRE2,61.290,31,12,0,1,31,14,44,1.10e-06,51.2
EMBOSS_001,UniRef90_A0A1Q5UAB3,54.839,31,14,0,1,31,16,46,1.12e-06,51.2
EMBOSS_001,UniRef90_A0A1L9U6K3,61.290,31,12,0,1,31,9,39,1.15e-06,50.4
EMBOSS_001,UniRef90_A0A319AKL6,61.290,31,12,0,1,31,10,40,1.20e-06,50.8
EMBOSS_001,UniRef90_A0A1V2LM69,61.290,31,12,0,1,31,10,40,1.51e-06,50.1
EMBOSS_001,UniRef90_A0A3A3A9P2,61.290,31,12,0,1,31,15,45,1.54e-06,50.8
EMBOSS_001,UniRef90_A0A146FJW3,58.065,31,13,0,1,31,8,38,1.70e-06,50.1
EMBOSS_001,UniRef90_G7XKA6,58.065,31,13,0,1,31,8,38,1.70e-06,50.1
EMBOSS_001,UniRef90_B9WL00,64.516,31,11,0,1,31,12,42,1.73e-06,50.4
EMBOSS_001,UniRef90_A0A1E4SBI3,58.065,31,13,0,1,31,19,49,2.08e-06,48.9
EMBOSS_001,UniRef90_A0A017SGU2,61.290,31,12,0,1,31,14,44,2.09e-06,50.4
EMBOSS_001,UniRef90_A0A395HJG2,61.290,31,12,0,1,31,14,44,2.10e-06,50.4
EMBOSS_001,UniRef90_A0A1L9WHH0,61.290,31,12,0,1,31,14,44,2.11e-06,50.4
EMBOSS_001,UniRef90_A0A1V6R4W2,58.065,31,13,0,1,31,14,44,2.13e-06,50.4
EMBOSS_001,UniRef90_A0A1L9T3K2,54.839,31,14,0,1,31,14,44,2.15e-06,50.4
EMBOSS_001,UniRef90_F7VKN5,61.290,31,12,0,1,31,117,147,2.16e-06,50.4
EMBOSS_001,UniRef90_A0A3M7NCP4,58.065,31,13,0,1,31,15,45,2.18e-06,49.7
EMBOSS_001,UniRef90_W1QGG2,61.290,31,12,0,1,31,10,40,2.51e-06,49.7
EMBOSS_001,UniRef90_A0A0D2J094,58.065,31,13,0,1,31,15,45,2.83e-06,50.1
EMBOSS_001,UniRef90_A0A139I0J2,54.839,31,14,0,1,31,15,45,2.83e-06,50.1
EMBOSS_001,UniRef90_A0A1L9RDU5,58.065,31,13,0,1,31,14,44,2.86e-06,50.1
EMBOSS_001,UniRef90_A0A2B7WEN5,54.839,31,14,0,1,31,14,44,2.95e-06,50.1
EMBOSS_001,UniRef90_M3HNH4,61.290,31,12,0,1,31,12,42,2.95e-06,50.1
EMBOSS_001,UniRef90_A0A3M0W8K8,58.065,31,13,0,1,31,15,45,3.79e-06,49.7
EMBOSS_001,UniRef90_A0A0J9XDX2,64.516,31,11,0,1,31,11,41,3.80e-06,49.3
EMBOSS_001,UniRef90_A0A1E3PVI8,61.290,31,12,0,1,31,18,48,3.86e-06,48.1
EMBOSS_001,UniRef90_A0A0S7E2P1,58.065,31,13,0,1,31,14,44,3.93e-06,49.7
EMBOSS_001,UniRef90_A0A072NSS7,58.065,31,13,0,1,31,15,45,3.94e-06,49.7
EMBOSS_001,UniRef90_A0A3M7MZD1,58.065,31,13,0,1,31,15,45,3.95e-06,49.7
EMBOSS_001,UniRef90_A0A397H812,58.065,31,13,0,1,31,1340,1370,3.96e-06,49.7
EMBOSS_001,UniRef90_W9WP53,58.065,31,13,0,1,31,15,45,3.97e-06,49.7
EMBOSS_001,UniRef90_A0A1D2V9M2,58.065,31,13,0,1,31,10,40,3.98e-06,48.9
EMBOSS_001,UniRef90_A0A074W609,58.065,31,13,0,1,31,33,63,4.01e-06,49.7
EMBOSS_001,UniRef90_A0A086SWN3,54.839,31,14,0,1,31,21,51,4.05e-06,49.7
EMBOSS_001,UniRef90_C0P0B9,61.290,31,12,0,1,31,14,44,4.05e-06,49.7
EMBOSS_001,UniRef90_A3LV91,58.065,31,13,0,1,31,12,42,4.28e-06,49.3
EMBOSS_001,UniRef90_A0A3F3RQZ3,58.065,31,13,0,1,31,8,38,4.56e-06,48.9
EMBOSS_001,UniRef90_A0A094FGU0,51.613,31,15,0,1,31,58,88,4.59e-06,47.4
EMBOSS_001,UniRef90_A0A395I216,58.065,31,13,0,1,31,12,42,4.65e-06,49.3
EMBOSS_001,UniRef90_A0A1E3QVD0,61.290,31,12,0,1,31,11,41,4.98e-06,49.3
EMBOSS_001,UniRef90_A0A3M7NWF2,54.839,31,14,0,1,31,15,45,5.16e-06,48.9
EMBOSS_001,UniRef90_A0A3F2Y0G8,58.065,31,13,0,1,31,10,40,5.16e-06,48.9
EMBOSS_001,UniRef90_Q6BM87,61.290,31,12,0,1,31,12,42,5.25e-06,48.9
EMBOSS_001,UniRef90_A0A4S2N7R0,61.290,31,12,0,1,31,33,63,5.28e-06,49.3
EMBOSS_001,UniRef90_A0A1V8SLG0,58.065,31,13,0,1,31,15,45,5.37e-06,49.3
EMBOSS_001,UniRef90_W9ZFV7,58.065,31,13,0,1,31,15,45,5.47e-06,49.3
EMBOSS_001,UniRef90_A0A1J9QJ34,58.065,31,13,0,1,31,80,110,5.54e-06,49.3
EMBOSS_001,UniRef90_A0A2I1CGI1,54.839,31,14,0,1,31,14,44,5.54e-06,49.3
EMBOSS_001,UniRef90_A0A319DG11,58.065,31,13,0,1,31,15,45,6.56e-06,48.9
EMBOSS_001,UniRef90_A0A4S3J4J3,58.065,31,13,0,1,31,14,44,7.39e-06,48.9
EMBOSS_001,UniRef90_M3A6Z1,54.839,31,14,0,1,31,15,45,7.39e-06,48.9
EMBOSS_001,UniRef90_A0A1F5LE59,54.839,31,14,0,1,31,14,44,7.45e-06,48.9
EMBOSS_001,UniRef90_UPI000CE1C7CA,54.839,31,14,0,1,31,15,45,7.45e-06,48.9
EMBOSS_001,UniRef90_Q7S233,58.065,31,13,0,1,31,116,146,7.58e-06,48.9
EMBOSS_001,UniRef90_A0A1W5CY88,54.839,31,14,0,1,31,15,45,7.82e-06,48.5
EMBOSS_001,UniRef90_A0A2W1G3E3,61.290,31,12,0,1,31,76,106,8.41e-06,47.8
EMBOSS_001,UniRef90_A0A1E5RCW6,64.516,31,10,1,2,31,20,50,8.56e-06,48.5
EMBOSS_001,UniRef90_A0A1E3NTI8,58.065,31,13,0,1,31,10,40,9.35e-06,48.1
EMBOSS_001,UniRef90_A0A3N4JHH2,61.290,31,12,0,1,31,31,61,9.65e-06,48.5
EMBOSS_001,UniRef90_F7VLP9,58.065,31,13,0,1,31,9492,9522,1.01e-05,48.5
EMBOSS_001,UniRef90_A0A0V1Q1R1,54.839,31,14,0,1,31,12,42,1.01e-05,47.4
EMBOSS_001,UniRef90_A0A093UWW3,58.065,31,13,0,1,31,1512,1542,1.01e-05,48.5
EMBOSS_001,UniRef90_Q0URJ3,51.613,31,15,0,1,31,15,45,1.01e-05,48.5
EMBOSS_001,UniRef90_W9YGC6,58.065,31,13,0,1,31,15,45,1.02e-05,48.5
EMBOSS_001,UniRef90_A0A2C5YX97,54.839,31,14,0,1,31,66,96,1.02e-05,48.5
EMBOSS_001,UniRef90_A0A139HGN6,51.613,31,15,0,1,31,238,268,1.03e-05,48.5
EMBOSS_001,UniRef90_A0A0D2K139,54.839,31,14,0,1,31,15,45,1.03e-05,48.5
EMBOSS_001,UniRef90_A0A178ZY09,54.839,31,14,0,1,31,116,146,1.03e-05,48.5
EMBOSS_001,UniRef90_A0A177BZW7,58.065,31,13,0,1,31,119,149,1.04e-05,48.5
EMBOSS_001,UniRef90_A0A1E5R607,64.516,31,10,1,2,31,22,52,1.37e-05,47.8
EMBOSS_001,UniRef90_A0A4U0WK31,54.839,31,14,0,1,31,15,45,1.38e-05,48.1
EMBOSS_001,UniRef90_A0A1Y1ZJX1,51.613,31,15,0,1,31,15,45,1.39e-05,48.1
EMBOSS_001,UniRef90_N1PX23,54.839,31,14,0,1,31,15,45,1.39e-05,48.1
EMBOSS_001,UniRef90_W2S7M1,54.839,31,14,0,1,31,15,45,1.40e-05,48.1
EMBOSS_001,UniRef90_A6R9G5,58.065,31,13,0,1,31,312,342,1.40e-05,48.1
EMBOSS_001,UniRef90_A0A165AJI0,51.613,31,15,0,1,31,15,45,1.40e-05,48.1
EMBOSS_001,UniRef90_A0A074WUW9,54.839,31,14,0,1,31,15,45,1.40e-05,48.1
EMBOSS_001,UniRef90_A0A1E1JT94,54.839,31,14,0,1,31,15,45,1.40e-05,48.1
EMBOSS_001,UniRef90_V5GES9,54.839,31,14,0,1,31,14,44,1.41e-05,48.1
EMBOSS_001,UniRef90_B2VYX6,61.290,31,12,0,1,31,76,106,1.49e-05,47.8
EMBOSS_001,UniRef90_E3RTZ2,61.290,31,12,0,1,31,76,106,1.49e-05,47.8
EMBOSS_001,UniRef90_A0A2P7YRH6,61.290,31,12,0,1,31,11,41,1.66e-05,47.8
EMBOSS_001,UniRef90_A0A179HJI7,54.839,31,14,0,1,31,62,92,1.88e-05,47.8
EMBOSS_001,UniRef90_A1C4Q7,54.839,31,14,0,1,31,14,44,1.90e-05,47.8
EMBOSS_001,UniRef90_A0A074YM65,54.839,31,14,0,1,31,15,45,1.90e-05,47.8
EMBOSS_001,UniRef90_A0A4S9GJH9,54.839,31,14,0,1,31,15,45,1.91e-05,47.8
EMBOSS_001,UniRef90_A0A151GLJ8,51.613,31,15,0,1,31,459,489,1.92e-05,47.8
EMBOSS_001,UniRef90_R0IUS1,54.839,31,14,0,1,31,15,45,1.92e-05,47.8
EMBOSS_001,UniRef90_A0A0D1ZX88,51.613,31,15,0,1,31,15,45,1.92e-05,47.8
EMBOSS_001,UniRef90_A0A4U0XXI1,51.613,31,15,0,1,31,15,45,1.93e-05,47.8
EMBOSS_001,UniRef90_A0A2U3E159,54.839,31,14,0,1,31,175,205,1.94e-05,47.8
EMBOSS_001,UniRef90_A0A4S9AR22,54.839,31,14,0,1,31,15,45,1.94e-05,47.8
EMBOSS_001,UniRef90_G2QII2,54.839,31,14,0,1,31,131,161,1.94e-05,47.8
EMBOSS_001,UniRef90_A0A194XU22,54.839,31,14,0,1,31,17,47,1.94e-05,47.8
EMBOSS_001,UniRef90_Q2HCF7,58.065,31,13,0,1,31,104,134,1.94e-05,47.8
EMBOSS_001,UniRef90_J3KCG6,51.613,31,15,0,1,31,23,53,2.11e-05,47.4
EMBOSS_001,UniRef90_A0A0L0N548,51.613,31,15,0,1,31,64,94,2.48e-05,47.4
EMBOSS_001,UniRef90_A0A1B8GRC9,51.613,31,15,0,1,31,15,45,2.60e-05,47.4
EMBOSS_001,UniRef90_A0A0D1WBF2,51.613,31,15,0,1,31,14,44,2.61e-05,47.4
EMBOSS_001,UniRef90_A0A1L7WMS4,51.613,31,15,0,1,31,15,45,2.62e-05,47.4
EMBOSS_001,UniRef90_A0A3N2PUE1,51.613,31,15,0,1,31,195,225,2.63e-05,47.4
EMBOSS_001,UniRef90_G2RCM5,54.839,31,14,0,1,31,96,126,2.65e-05,47.4
EMBOSS_001,UniRef90_A0A428P9S5,51.613,31,15,0,1,31,81,111,2.65e-05,47.4
EMBOSS_001,UniRef90_A0A2P8Y4F1,54.839,31,14,0,1,31,56,86,2.65e-05,47.4
EMBOSS_001,UniRef90_A0A2B7YP93,54.839,31,14,0,1,31,14,44,2.65e-05,47.4
EMBOSS_001,UniRef90_A0A0P7B761,51.613,31,15,0,1,31,66,96,2.65e-05,47.4
EMBOSS_001,UniRef90_Q6BM86,54.839,31,14,0,1,31,12,42,3.46e-05,46.2
EMBOSS_001,UniRef90_A0A0C3H994,51.613,31,15,0,1,31,15,45,3.53e-05,47.0
EMBOSS_001,UniRef90_A0A4Q3MHZ1,51.613,31,15,0,1,31,31,61,3.56e-05,47.0
EMBOSS_001,UniRef90_R1GBN2,51.613,31,15,0,1,31,3,33,3.56e-05,47.0
EMBOSS_001,UniRef90_A0A3E2HGW7,51.613,31,15,0,1,31,15,45,3.59e-05,47.0
EMBOSS_001,UniRef90_A0A0U1LTJ6,54.839,31,14,0,1,31,14,44,3.60e-05,47.0
EMBOSS_001,UniRef90_A0A2T3ASH6,51.613,31,15,0,1,31,15,45,3.61e-05,47.0
EMBOSS_001,UniRef90_A0A4U0UYK1,51.613,31,15,0,1,31,15,45,3.61e-05,47.0
EMBOSS_001,UniRef90_A0A4U0U1G6,51.613,31,15,0,1,31,15,45,3.62e-05,47.0
EMBOSS_001,UniRef90_A0A084G6X4,54.839,31,14,0,1,31,18,48,3.62e-05,47.0
EMBOSS_001,UniRef90_A0A2T3Z5F0,54.839,31,14,0,1,31,18,48,3.62e-05,47.0
EMBOSS_001,UniRef90_G9NSQ6,54.839,31,14,0,1,31,18,48,3.63e-05,47.0
EMBOSS_001,UniRef90_A0A175VZM4,54.839,31,14,0,1,31,114,144,3.63e-05,47.0
EMBOSS_001,UniRef90_A0A425BIQ9,51.613,31,15,0,1,31,70,100,3.63e-05,47.0
EMBOSS_001,UniRef90_UPI000640D1EE,51.613,31,15,0,1,31,5,35,3.66e-05,46.6
EMBOSS_001,UniRef90_A0A2K3QKB3,48.387,31,16,0,1,31,18,48,4.54e-05,44.7
EMBOSS_001,UniRef90_A0A1D8NII0,58.065,31,13,0,1,31,10,40,4.68e-05,46.2
EMBOSS_001,UniRef90_A0A366Q6C1,54.839,31,14,0,1,31,111,141,4.77e-05,46.6
EMBOSS_001,UniRef90_A0A369HLC2,54.839,31,14,0,1,31,67,97,4.87e-05,46.6
EMBOSS_001,UniRef90_A0A094D4J7,51.613,31,15,0,1,31,726,756,4.88e-05,46.6
EMBOSS_001,UniRef90_A0A2G5I4T8,51.613,31,15,0,1,31,15,45,4.90e-05,46.6
EMBOSS_001,UniRef90_K1WTN6,51.613,31,15,0,1,31,15,45,4.90e-05,46.6
EMBOSS_001,UniRef90_A0A0B7JVB6,48.387,31,16,0,1,31,106,136,4.90e-05,46.6
EMBOSS_001,UniRef90_T5AK70,51.613,31,15,0,1,31,69,99,4.91e-05,46.6
EMBOSS_001,UniRef90_A0A0G2E545,51.613,31,15,0,1,31,16,46,4.91e-05,46.6
EMBOSS_001,UniRef90_A0A163IXM1,51.613,31,15,0,1,31,15,45,4.93e-05,46.6
EMBOSS_001,UniRef90_A0A194WSW0,51.613,31,15,0,1,31,16,46,4.93e-05,46.6
EMBOSS_001,UniRef90_UPI0006418580,51.613,31,15,0,1,31,5,35,4.94e-05,46.6
EMBOSS_001,UniRef90_A0A364MX58,54.839,31,14,0,1,31,178,208,4.94e-05,46.6
EMBOSS_001,UniRef90_A0A178AUM0,48.387,31,16,0,1,31,15,45,4.95e-05,46.6
EMBOSS_001,UniRef90_A0A0G4N8M4,54.839,31,14,0,1,31,131,161,4.96e-05,46.6
EMBOSS_001,UniRef90_A0A139HTA4,54.839,31,14,0,1,31,96,126,4.96e-05,46.6
EMBOSS_001,UniRef90_G2XCZ5,54.839,31,14,0,1,31,111,141,4.97e-05,46.6
EMBOSS_001,UniRef90_K2S226,51.613,31,15,0,1,31,76,106,4.97e-05,46.6
EMBOSS_001,UniRef90_A0A0A2VEN0,58.065,31,13,0,1,31,18,48,4.97e-05,46.6
EMBOSS_001,UniRef90_A0A1Y2WD22,51.613,31,15,0,1,31,96,126,4.97e-05,46.6
EMBOSS_001,UniRef90_T0LJF5,54.839,31,14,0,1,31,19,49,4.97e-05,46.6
EMBOSS_001,UniRef90_N1Q7R8,54.839,31,14,0,1,31,96,126,4.97e-05,46.6
EMBOSS_001,UniRef90_J5JJW1,58.065,31,13,0,1,31,18,48,4.97e-05,46.6
EMBOSS_001,UniRef90_A0A093ZPN8,48.387,31,16,0,1,31,15,45,5.25e-05,45.8
EMBOSS_001,UniRef90_W6Z4G3,54.839,31,14,0,1,31,73,103,5.25e-05,46.2
EMBOSS_001,UniRef90_Q6C5T8,58.065,31,13,0,1,31,10,40,5.96e-05,46.2
EMBOSS_001,UniRef90_A0A5E8BED8,58.065,31,13,0,1,31,12,42,6.20e-05,46.2
EMBOSS_001,UniRef90_A0A1E3PU70,54.839,31,14,0,1,31,18,48,6.55e-05,45.4
EMBOSS_001,UniRef90_M2SQY3,54.839,31,14,0,1,31,15,45,6.71e-05,46.2
EMBOSS_001,UniRef90_M3C424,54.839,31,14,0,1,31,15,45,6.73e-05,46.2
EMBOSS_001,UniRef90_B2W242,54.839,31,14,0,1,31,15,45,6.75e-05,46.2
EMBOSS_001,UniRef90_A0A177DHM8,51.613,31,15,0,1,31,15,45,6.75e-05,46.2
EMBOSS_001,UniRef90_A0A2I2FR47,51.613,31,15,0,1,31,14,44,6.76e-05,46.2
EMBOSS_001,UniRef90_A0A084AWI6,51.613,31,15,0,1,31,18,48,6.76e-05,46.2
EMBOSS_001,UniRef90_A0A084QXL3,51.613,31,15,0,1,31,18,48,6.77e-05,46.2
EMBOSS_001,UniRef90_A0A151GX95,54.839,31,14,0,1,31,18,48,6.77e-05,46.2
EMBOSS_001,UniRef90_T5ABJ3,51.613,31,15,0,1,31,18,48,6.77e-05,46.2
EMBOSS_001,UniRef90_UPI00115435D7,51.613,31,15,0,1,31,17,47,6.79e-05,46.2
EMBOSS_001,UniRef90_A0A1Y2WPD0,51.613,31,15,0,1,31,132,162,6.79e-05,46.2
EMBOSS_001,UniRef90_L7JBU7,51.613,31,15,0,1,31,17,47,6.80e-05,46.2
EMBOSS_001,UniRef90_A0A168G736,58.065,31,13,0,1,31,18,48,6.80e-05,46.2
EMBOSS_001,UniRef90_A0A2I0RWI6,51.613,31,15,0,1,31,15,45,6.80e-05,46.2
EMBOSS_001,UniRef90_A0A1D2VQU6,54.839,31,14,0,1,31,14,44,7.98e-05,45.1
EMBOSS_001,UniRef90_A0A544ZR09,51.613,31,15,0,1,31,18,48,8.57e-05,45.8
EMBOSS_001,UniRef90_A0A370TRV5,51.613,31,15,0,1,31,337,367,9.20e-05,45.8
EMBOSS_001,UniRef90_A0A1B8E9T0,48.387,31,16,0,1,31,15,45,9.23e-05,45.8
EMBOSS_001,UniRef90_A0A559LZQ6,51.613,31,15,0,1,31,15,45,9.24e-05,45.8
EMBOSS_001,UniRef90_A0A178EHZ3,51.613,31,15,0,1,31,15,45,9.24e-05,45.8
EMBOSS_001,UniRef90_A0A2D3V6Y0,48.387,31,16,0,1,31,15,45,9.24e-05,45.8
EMBOSS_001,UniRef90_A0A3M7LYE4,51.613,31,15,0,1,31,32,62,9.28e-05,45.8
EMBOSS_001,UniRef90_A0A0F8CRT7,54.839,31,14,0,1,31,18,48,9.28e-05,45.8
EMBOSS_001,UniRef90_E4ZZV2,48.387,31,16,0,1,31,120,150,9.29e-05,45.8
EMBOSS_001,UniRef90_A0A2S4L6M5,51.613,31,15,0,1,31,30,60,9.29e-05,45.8
EMBOSS_001,UniRef90_A0A1Y2EGG2,51.613,31,15,0,1,31,130,160,9.30e-05,45.8
EMBOSS_001,UniRef90_A0A177E2C2,56.667,30,13,0,2,31,71,100,1.06e-04,45.4
EMBOSS_001,UniRef90_A0A5J5F4F9,54.839,31,14,0,1,31,16,46,1.10e-04,45.4
EMBOSS_001,UniRef90_A0A317SK78,58.065,31,13,0,1,31,31,61,1.19e-04,45.4
EMBOSS_001,UniRef90_H2ATQ5,45.161,31,17,0,1,31,6,36,1.19e-04,43.9
EMBOSS_001,UniRef90_M2LPS6,51.613,31,15,0,1,31,15,45,1.21e-04,45.4
EMBOSS_001,UniRef90_A0A2T4A0A8,48.387,31,16,0,1,31,18,48,1.23e-04,45.1
EMBOSS_001,UniRef90_N1JLF3,51.613,31,15,0,1,31,19,49,1.25e-04,45.4
EMBOSS_001,UniRef90_E9E3H2,51.613,31,15,0,1,31,58,88,1.26e-04,45.4
EMBOSS_001,UniRef90_A0A2J6S126,54.839,31,14,0,1,31,16,46,1.26e-04,45.4
EMBOSS_001,UniRef90_A0A369GX24,51.613,31,15,0,1,31,79,109,1.27e-04,45.4
EMBOSS_001,UniRef90_A0A2V1CQT6,48.387,31,16,0,1,31,15,45,1.27e-04,45.4
EMBOSS_001,UniRef90_A0A218ZIM7,48.387,31,16,0,1,31,15,45,1.27e-04,45.4
EMBOSS_001,UniRef90_A0A150VFA5,51.613,31,15,0,1,31,15,45,1.27e-04,45.4
EMBOSS_001,UniRef90_A0A4Z1NZU3,54.839,31,14,0,1,31,19,49,1.27e-04,45.4
EMBOSS_001,UniRef90_A0A2N3NIB1,51.613,31,15,0,1,31,18,48,1.27e-04,45.4
EMBOSS_001,UniRef90_A0A2T2NNZ2,51.613,31,15,0,1,31,139,169,1.27e-04,45.4
EMBOSS_001,UniRef90_A0A4R8QRK0,51.613,31,15,0,1,31,19,49,1.27e-04,45.4
EMBOSS_001,UniRef90_A0A2A9PM95,51.613,31,15,0,1,31,18,48,1.27e-04,45.4
EMBOSS_001,UniRef90_E3QQ22,51.613,31,15,0,1,31,19,49,1.27e-04,45.4
EMBOSS_001,UniRef90_A0A447BQZ5,51.613,31,15,0,1,31,101,131,1.27e-04,45.4
EMBOSS_001,UniRef90_A0A2C5Z2G7,51.613,31,15,0,1,31,18,48,1.27e-04,45.4
EMBOSS_001,UniRef90_A0A2G5HYD5,51.613,31,15,0,1,31,90,120,1.27e-04,45.4
EMBOSS_001,UniRef90_A0A0F8A2L4,51.613,31,15,0,1,31,18,48,1.27e-04,45.4
EMBOSS_001,UniRef90_A0A0F4ZEH2,51.613,31,15,0,1,31,18,48,1.57e-04,45.1
EMBOSS_001,UniRef90_A0A2T6ZKK4,54.839,31,14,0,1,31,31,61,1.64e-04,45.1
EMBOSS_001,UniRef90_A0A1B2JAL2,51.613,31,15,0,1,31,12,42,1.69e-04,44.3
EMBOSS_001,UniRef90_A0A367LG04,51.613,31,15,0,1,31,73,103,1.73e-04,45.1
EMBOSS_001,UniRef90_A0A4Q4U3Y2,54.839,31,14,0,1,31,167,197,1.73e-04,45.1
EMBOSS_001,UniRef90_A0A4Q4YXA9,54.839,31,14,0,1,31,146,176,1.73e-04,45.1
EMBOSS_001,UniRef90_A0A4Q4WQ43,54.839,31,14,0,1,31,149,179,1.74e-04,45.1
EMBOSS_001,UniRef90_A0A1Y2TFR4,48.387,31,16,0,1,31,83,113,1.74e-04,45.1
EMBOSS_001,UniRef90_G9NAZ0,48.387,31,16,0,1,31,18,48,1.74e-04,45.1
EMBOSS_001,UniRef90_A0A1Q8RPM9,51.613,31,15,0,1,31,19,49,1.74e-04,45.1
EMBOSS_001,UniRef90_A0A2K3QHU4,48.387,31,16,0,1,31,153,183,1.74e-04,45.1
EMBOSS_001,UniRef90_A0A395NLK8,48.387,31,16,0,1,31,18,48,1.74e-04,45.1
EMBOSS_001,UniRef90_A0A162LJ46,54.839,31,14,0,1,31,18,48,1.74e-04,45.1
EMBOSS_001,UniRef90_F2QR84,51.613,31,15,0,1,31,12,42,1.90e-04,44.3
EMBOSS_001,UniRef90_A0A1E5RCN8,58.065,31,12,1,2,31,22,52,1.92e-04,44.7
EMBOSS_001,UniRef90_A0A068SA02,51.613,31,15,0,1,31,12,42,2.20e-04,44.7
EMBOSS_001,UniRef90_A0A2S4L5Y7,45.161,31,17,0,1,31,63,93,2.20e-04,44.3
EMBOSS_001,UniRef90_A0A4Q7JN72,48.387,31,16,0,1,31,55,85,2.29e-04,44.7
EMBOSS_001,UniRef90_A0A420YKX0,51.613,31,15,0,1,31,84,114,2.33e-04,44.7
EMBOSS_001,UniRef90_J3NSD8,51.613,31,15,0,1,31,20,50,2.35e-04,44.7
EMBOSS_001,UniRef90_G3JSM2,54.839,31,14,0,1,31,397,427,2.35e-04,44.7
EMBOSS_001,UniRef90_A0A010R9G8,54.839,31,14,0,1,31,183,213,2.36e-04,44.7
EMBOSS_001,UniRef90_A0A086TDX3,51.613,31,15,0,1,31,96,126,2.36e-04,44.7
EMBOSS_001,UniRef90_A0A135ULA7,54.839,31,14,0,1,31,175,205,2.37e-04,44.7
EMBOSS_001,UniRef90_A0A1L9TVM8,51.613,31,15,0,1,31,84,114,2.37e-04,44.7
EMBOSS_001,UniRef90_A0A2V1DMI0,48.387,31,16,0,1,31,16,46,2.38e-04,44.7
EMBOSS_001,UniRef90_W7M2Z0,51.613,31,15,0,1,31,105,135,2.38e-04,44.7
EMBOSS_001,UniRef90_G2RFV8,51.613,31,15,0,1,31,15,45,2.38e-04,44.7
EMBOSS_001,UniRef90_W7MH27,48.387,31,16,0,1,31,18,48,2.38e-04,44.7
EMBOSS_001,UniRef90_A0A545VP58,54.839,31,14,0,1,31,18,48,2.38e-04,44.7
EMBOSS_001,UniRef90_A0A366S4J2,48.387,31,16,0,1,31,18,48,2.38e-04,44.7
EMBOSS_001,UniRef90_A0A428QF61,48.387,31,16,0,1,31,18,48,2.38e-04,44.7
EMBOSS_001,UniRef90_A0A010R7T1,51.613,31,15,0,1,31,19,49,2.38e-04,44.7
EMBOSS_001,UniRef90_A0A3D8SUQ1,51.613,31,15,0,1,31,96,126,2.38e-04,44.7
EMBOSS_001,UniRef90_A0A2T4BV88,48.387,31,16,0,1,31,18,48,2.42e-04,44.3
EMBOSS_001,UniRef90_A0A1X2GIG6,51.613,31,15,0,1,31,12,42,2.54e-04,43.9
EMBOSS_001,UniRef90_A0A364N9F4,51.613,31,15,0,1,31,77,107,2.80e-04,44.3
EMBOSS_001,UniRef90_A0A2V1E842,51.613,31,15,0,1,31,125,155,2.97e-04,44.3
EMBOSS_001,UniRef90_A0A2S7PBE5,48.387,31,16,0,1,31,15,45,3.01e-04,43.9
EMBOSS_001,UniRef90_A0A2C6A1N5,48.387,31,16,0,1,31,18,48,3.08e-04,44.3
EMBOSS_001,UniRef90_A0A292PWP1,54.839,31,14,0,1,31,31,61,3.10e-04,44.3
EMBOSS_001,UniRef90_A0A2T4B3C8,45.161,31,17,0,1,31,18,48,3.13e-04,43.1
EMBOSS_001,UniRef90_B2B0Q2,51.613,31,15,0,1,31,15,45,3.17e-04,44.3
EMBOSS_001,UniRef90_A0A4V2ENQ3,51.613,31,15,0,1,31,97,127,3.19e-04,44.3
EMBOSS_001,UniRef90_A0A4U9F2X8,48.387,31,16,0,1,31,505,535,3.21e-04,44.3
EMBOSS_001,UniRef90_A0A5C6G7N7,48.387,31,16,0,1,31,54,84,3.22e-04,44.3
EMBOSS_001,UniRef90_A0A0F4GZK0,48.387,31,16,0,1,31,15,45,3.23e-04,44.3
EMBOSS_001,UniRef90_A0A2K3DAX5,45.161,31,17,0,1,31,20,50,3.23e-04,44.3
EMBOSS_001,UniRef90_A0A1D9QFM4,48.387,31,16,0,1,31,15,45,3.24e-04,44.3
EMBOSS_001,UniRef90_A8HZB2,45.161,31,17,0,1,31,20,50,3.24e-04,44.3
EMBOSS_001,UniRef90_A0A0P7AKR9,48.387,31,16,0,1,31,135,165,3.25e-04,44.3
EMBOSS_001,UniRef90_A0A420HA34,51.613,31,15,0,1,31,19,49,3.25e-04,44.3
EMBOSS_001,UniRef90_F9XKP5,48.387,31,16,0,1,31,15,45,3.25e-04,44.3
EMBOSS_001,UniRef90_A0A166V3N5,54.839,31,14,0,1,31,156,186,3.25e-04,44.3
EMBOSS_001,UniRef90_A0A3N2Q0B9,51.613,31,15,0,1,31,15,45,3.25e-04,44.3
EMBOSS_001,UniRef90_F7VPE2,51.613,31,15,0,1,31,16,46,3.26e-04,44.3
EMBOSS_001,UniRef90_A0A1D8PM15,51.613,31,15,0,1,31,12,42,3.26e-04,44.3
EMBOSS_001,UniRef90_G2XF15,54.839,31,14,0,1,31,93,123,3.26e-04,44.3
EMBOSS_001,UniRef90_A0A2J6SQA8,54.839,31,14,0,1,31,19,49,3.26e-04,44.3
EMBOSS_001,UniRef90_A0A1Y2LW34,48.387,31,16,0,1,31,15,45,3.26e-04,44.3
EMBOSS_001,UniRef90_W3WUP0,51.613,31,15,0,1,31,15,45,3.26e-04,44.3
EMBOSS_001,UniRef90_C9SJK0,54.839,31,14,0,1,31,93,123,3.26e-04,44.3
EMBOSS_001,UniRef90_I1S528,48.387,31,16,0,1,31,18,48,3.26e-04,44.3
EMBOSS_001,UniRef90_A0A179GA12,48.387,31,16,0,1,31,18,48,3.26e-04,44.3
EMBOSS_001,UniRef90_A0A507B1V0,51.613,31,15,0,1,31,15,45,3.26e-04,44.3
EMBOSS_001,UniRef90_A0A4Q4SWY8,48.387,31,16,0,1,31,15,45,3.26e-04,44.3
EMBOSS_001,UniRef90_A0A5C6G709,48.387,31,16,0,1,31,18,48,3.26e-04,44.3
EMBOSS_001,UniRef90_A0A0A1T8I5,51.613,31,15,0,1,31,18,48,3.26e-04,44.3
EMBOSS_001,UniRef90_A0A168CPE5,48.387,31,16,0,1,31,18,48,3.26e-04,44.3
EMBOSS_001,UniRef90_R7YJ30,51.613,31,15,0,1,31,15,45,3.26e-04,44.3
EMBOSS_001,UniRef90_M1W3I8,48.387,31,16,0,1,31,18,48,3.26e-04,44.3
EMBOSS_001,UniRef90_A0A179HFG4,48.387,31,16,0,1,31,18,48,3.26e-04,44.3
EMBOSS_001,UniRef90_A0A090CGB2,51.613,31,15,0,1,31,15,45,3.26e-04,44.3
EMBOSS_001,UniRef90_Q5BF90,51.613,31,15,0,1,31,94,124,3.26e-04,44.3
EMBOSS_001,UniRef90_Q2GNX1,51.613,31,15,0,1,31,15,45,3.26e-04,44.3
EMBOSS_001,UniRef90_A0A1J7J3N6,48.387,31,16,0,1,31,66,96,4.18e-04,43.9
EMBOSS_001,UniRef90_A0A1E3P2E7,54.839,31,14,0,1,31,13,43,4.37e-04,43.9
EMBOSS_001,UniRef90_U4KWV8,54.839,31,14,0,1,31,36,66,4.37e-04,43.9
EMBOSS_001,UniRef90_A0A166L4E4,48.387,31,16,0,1,31,6,36,4.39e-04,43.9
EMBOSS_001,UniRef90_A0A395N5C3,51.613,31,15,0,1,31,125,155,4.44e-04,43.9
EMBOSS_001,UniRef90_K3VGY7,51.613,31,15,0,1,31,115,145,4.44e-04,43.9
EMBOSS_001,UniRef90_UPI00124ADF2B,45.161,31,17,0,1,31,15,45,4.44e-04,43.9
EMBOSS_001,UniRef90_A0A1L7WTQ3,48.387,31,16,0,1,31,16,46,4.44e-04,43.9
EMBOSS_001,UniRef90_I1RXX9,51.613,31,15,0,1,31,110,140,4.44e-04,43.9
EMBOSS_001,UniRef90_A0A1Y2W3H4,51.613,31,15,0,1,31,15,45,4.46e-04,43.9
EMBOSS_001,UniRef90_A0A369GWF6,48.387,31,16,0,1,31,18,48,4.47e-04,43.9
EMBOSS_001,UniRef90_A0A1Y2TGT7,51.613,31,15,0,1,31,15,45,4.47e-04,43.9
EMBOSS_001,UniRef90_S3CZ63,48.387,31,16,0,1,31,15,45,4.47e-04,43.9
EMBOSS_001,UniRef90_A0A4Q4YRL1,48.387,31,16,0,1,31,15,45,4.47e-04,43.9
EMBOSS_001,UniRef90_A0A0B2WQB0,48.387,31,16,0,1,31,18,48,4.47e-04,43.9
EMBOSS_001,UniRef90_A0A0J8QNE0,55.172,29,13,0,1,29,14,42,4.57e-04,41.6
EMBOSS_001,UniRef90_M2TMM2,51.613,31,15,0,1,31,74,104,5.17e-04,43.5
EMBOSS_001,UniRef90_A0A2S4PJU4,48.387,31,16,0,1,31,19,49,5.31e-04,43.5
EMBOSS_001,UniRef90_A0A4P9ZEK1,54.839,31,14,0,1,31,15,45,5.82e-04,43.5
EMBOSS_001,UniRef90_A0A3N4L4T2,56.667,30,13,0,2,31,30,59,5.97e-04,43.5
EMBOSS_001,UniRef90_Q0V3N3,46.667,30,16,0,2,31,130,159,6.02e-04,43.5
EMBOSS_001,UniRef90_A0A420I1V9,48.387,31,16,0,1,31,19,49,6.07e-04,43.5
EMBOSS_001,UniRef90_A0A0B1P847,48.387,31,16,0,1,31,19,49,6.08e-04,43.5
EMBOSS_001,UniRef90_C9S664,51.613,31,15,0,1,31,142,172,6.09e-04,43.5
EMBOSS_001,UniRef90_A0A2J6RK98,45.161,31,17,0,1,31,15,45,6.10e-04,43.5
EMBOSS_001,UniRef90_A0A2I0S1Y1,51.613,31,15,0,1,31,112,142,6.11e-04,43.5
EMBOSS_001,UniRef90_A0A4Q4YCZ4,48.387,31,16,0,1,31,15,45,6.11e-04,43.5
EMBOSS_001,UniRef90_A0A0D9P6A4,48.387,31,16,0,1,31,18,48,6.11e-04,43.5
EMBOSS_001,UniRef90_S3D5V4,48.387,31,16,0,1,31,15,45,8.18e-04,43.1
EMBOSS_001,UniRef90_D5GKB7,54.839,31,14,0,1,31,47,77,8.21e-04,43.1
EMBOSS_001,UniRef90_A0A178ENI9,50.000,30,15,0,2,31,119,148,8.22e-04,43.1
EMBOSS_001,UniRef90_A0A5E3WYI8,48.387,31,16,0,1,31,7,37,8.23e-04,43.1
EMBOSS_001,UniRef90_A0A0B7KH45,54.839,31,14,0,1,31,545,575,8.27e-04,43.1
EMBOSS_001,UniRef90_A0A3D8RB86,48.387,31,16,0,1,31,15,45,8.28e-04,43.1
EMBOSS_001,UniRef90_A0A1Y1ZV75,48.387,31,16,0,1,31,94,124,8.29e-04,43.1
EMBOSS_001,UniRef90_A0A135T4Y5,48.387,31,16,0,1,31,167,197,8.32e-04,43.1
EMBOSS_001,UniRef90_A0A2A9PPS1,45.161,31,17,0,1,31,70,100,8.33e-04,43.1
EMBOSS_001,UniRef90_A0A2H4SPV3,48.387,31,16,0,1,31,69,99,8.33e-04,43.1
EMBOSS_001,UniRef90_A0A2J6QJP8,45.161,31,17,0,1,31,14,44,8.34e-04,43.1
EMBOSS_001,UniRef90_A0A2J6T0I5,45.161,31,17,0,1,31,15,45,8.35e-04,43.1
EMBOSS_001,UniRef90_A0A194X317,48.387,31,16,0,1,31,20,50,8.36e-04,43.1
EMBOSS_001,UniRef90_A0A0F2MBH9,48.387,31,16,0,1,31,15,45,8.36e-04,43.1
EMBOSS_001,UniRef90_A5E7L8,51.613,31,15,0,1,31,11,41,8.36e-04,43.1
EMBOSS_001,UniRef90_R8BL88,48.387,31,16,0,1,31,15,45,8.36e-04,43.1
EMBOSS_001,UniRef90_A0A136JIJ7,48.387,31,16,0,1,31,15,45,8.36e-04,43.1
EMBOSS_001,UniRef90_A0A1S1W2W2,48.387,31,16,0,1,31,19,49,8.37e-04,43.1
EMBOSS_001,UniRef90_A0A2H2Z4R7,45.161,31,17,0,1,31,18,48,8.37e-04,43.1
EMBOSS_001,UniRef90_A0A2T2ZXY2,48.387,31,16,0,1,31,15,45,8.37e-04,43.1
EMBOSS_001,UniRef90_A0A4Q4WWZ0,48.387,31,16,0,1,31,15,45,8.37e-04,43.1
